TCGplayer Id,Product Line,Set Name,Product Name,Title,Number,Rarity,Condition,TCG Market Price,TCG Direct Low,TCG Low Price,Pending Quantity,Total Quantity,Add to Quantity,TCG Marketplace Price,My Store Reserve Quantity,My Store Price,Photo URL
7446802,Magic,Commander: The Lord of the Rings: Tales of Middle-earth,Archivist of Gondor (Showcase Scrolls),,420,R,Lightly Played Foil,0.3,0,0,0,100,100,0.3,,,
7538133,Magic,Commander: The Lord of the Rings: Tales of Middle-earth,Assemble the Entmoot (Showcase Scrolls),,438,R,Lightly Played Foil,0.4,0,0,0,1,1,0.4,,,
7447102,Magic,Commander: The Lord of the Rings: Tales of Middle-earth,Corsairs of Umbar (Showcase Scrolls),,421,R,Lightly Played Foil,0.4,0,0,0,1,1,0.4,,,
7447482,Magic,Commander: The Lord of the Rings: Tales of Middle-earth,"Denethor, Stone Seer (Showcase Scrolls)",,422,R,Lightly Played Foil,0.33,0,0,0,1,1,0.33,,,
7451637,Magic,Commander: The Lord of the Rings: Tales of Middle-earth,Elvish Harbinger (Borderless),,527,U,Lightly Played Foil,0.58,0,0,0,1,1,0.58,,,
7539863,Magic,Commander: The Lord of the Rings: Tales of Middle-earth,"Faramir, Steward of Gondor (Showcase Scrolls)",,458,R,Lightly Played Foil,0.42,0,0,0,2,2,0.42,,,
7539683,Magic,Commander: The Lord of the Rings: Tales of Middle-earth,Feasting Hobbit (Showcase Scrolls),,439,R,Lightly Played Foil,0.72,0,0,0,1,1,0.72,,,
7438100,Magic,Commander: The Lord of the Rings: Tales of Middle-earth,Fell Beast of Mordor (Borderless),,513,R,Lightly Played Foil,0.32,0,0,0,1,1,0.32,,,
7539283,Magic,Commander: The Lord of the Rings: Tales of Middle-earth,"Frodo, Adventurous Hobbit (Showcase Scrolls)",,461,M,Lightly Played Foil,5.14,0,0,0,1,1,5.14,,,
7438105,Magic,Commander: The Lord of the Rings: Tales of Middle-earth,Gimli's Reckless Might (Borderless),,494,R,Lightly Played Foil,0.41,0,0,0,1,1,0.41,,,
7447742,Magic,Commander: The Lord of the Rings: Tales of Middle-earth,"Gollum, Obsessed Stalker (Showcase Scrolls)",,428,R,Lightly Played Foil,0.98,0,0,0,1,1,0.98,,,
7538173,Magic,Commander: The Lord of the Rings: Tales of Middle-earth,In the Darkness Bind Them (Showcase Scrolls),,465,R,Lightly Played Foil,4.2,0,0,0,2,2,4.2,,,
7447252,Magic,Commander: The Lord of the Rings: Tales of Middle-earth,Lidless Gaze (Showcase Scrolls),,466,R,Lightly Played Foil,0.47,0,0,0,1,1,0.47,,,
7447152,Magic,Commander: The Lord of the Rings: Tales of Middle-earth,"Lobelia, Defender of Bag End (Showcase Scrolls)",,429,R,Lightly Played Foil,0.44,0,0,0,1,1,0.44,,,
7447062,Magic,Commander: The Lord of the Rings: Tales of Middle-earth,Lord of the Nazgul (Showcase Scrolls),,467,R,Lightly Played Foil,7.3,0,0,0,2,2,7.3,,,
7447262,Magic,Commander: The Lord of the Rings: Tales of Middle-earth,Model of Unity (Showcase Scrolls),,488,R,Lightly Played Foil,0.29,0,0,0,2,2,0.29,,,
7438125,Magic,Commander: The Lord of the Rings: Tales of Middle-earth,Mordor on the March (Borderless),,512,R,Lightly Played Foil,0.28,0,0,0,1,1,0.28,,,
7447962,Magic,Commander: The Lord of the Rings: Tales of Middle-earth,Moria Scavenger (Showcase Scrolls),,470,R,Lightly Played Foil,0.46,0,0,0,1,1,0.46,,,
7539703,Magic,Commander: The Lord of the Rings: Tales of Middle-earth,Motivated Pony (Showcase Scrolls),,444,R,Lightly Played Foil,0.39,0,0,0,2,2,0.39,,,
7539293,Magic,Commander: The Lord of the Rings: Tales of Middle-earth,Oath of Eorl (Showcase Scrolls),,471,R,Lightly Played Foil,0.39,0,0,0,1,1,0.39,,,
7539323,Magic,Commander: The Lord of the Rings: Tales of Middle-earth,Orcish Siegemaster (Showcase Scrolls),,435,R,Lightly Played Foil,0.58,0,0,0,1,1,0.58,,,
7539463,Magic,Commander: The Lord of the Rings: Tales of Middle-earth,Prize Pig (Showcase Scrolls),,445,R,Lightly Played Foil,0.51,0,0,0,2,2,0.51,,,
7447812,Magic,Commander: The Lord of the Rings: Tales of Middle-earth,Riders of Rohan (Showcase Scrolls),,474,R,Lightly Played Foil,0.33,0,0,0,1,1,0.33,,,
7438135,Magic,Commander: The Lord of the Rings: Tales of Middle-earth,Rohirrim Chargers (Borderless),,496,R,Lightly Played Foil,0.23,0,0,0,1,1,0.23,,,
7446612,Magic,Commander: The Lord of the Rings: Tales of Middle-earth,Sail into the West (Showcase Scrolls),,475,R,Lightly Played Foil,0.75,0,0,0,1,1,0.75,,,
7451697,Magic,Commander: The Lord of the Rings: Tales of Middle-earth,Timber Protector (Borderless),,533,R,Lightly Played Foil,5.08,0,0,0,2,2,5.08,,,
7542663,Magic,Commander: The Lord of the Rings: Tales of Middle-earth,Trap the Trespassers (Showcase Scrolls),,427,R,Lightly Played Foil,0.22,0,0,0,1,1,0.22,,,
7538183,Magic,Commander: The Lord of the Rings: Tales of Middle-earth,Travel Through Caradhras (Showcase Scrolls),,446,R,Lightly Played Foil,0.26,0,0,0,2,2,0.26,,,
7539443,Magic,Commander: The Lord of the Rings: Tales of Middle-earth,Windswift Slice (Showcase Scrolls),,447,R,Lightly Played Foil,1.4,0,0,0,1,1,1.4,,,
7448172,Magic,Commander: The Lord of the Rings: Tales of Middle-earth,"Eowyn, Shieldmaiden (Showcase Scrolls)",,456,M,Lightly Played Foil,3.88,0,0,0,1,1,3.88,,,
7211889,Magic,Universes Beyond: The Lord of the Rings: Tales of Middle-earth,"Aragorn, Company Leader",,191,R,Lightly Played Foil,0.23,0,0,0,4,4,0.23,,,
7216254,Magic,Universes Beyond: The Lord of the Rings: Tales of Middle-earth,"Aragorn, Company Leader (Showcase)",,316,R,Lightly Played Foil,0.29,0,0,0,1,1,0.29,,,
7195583,Magic,Universes Beyond: The Lord of the Rings: Tales of Middle-earth,Arwen Undomiel,,194,U,Lightly Played Foil,0.24,0,0,0,1,1,0.24,,,
7539913,Magic,Universes Beyond: The Lord of the Rings: Tales of Middle-earth,Arwen Undomiel (Showcase Scrolls),,645,U,Lightly Played Foil,0.14,0,0,0,4,4,0.14,,,
7172936,Magic,Universes Beyond: The Lord of the Rings: Tales of Middle-earth,Arwen's Gift,,39,C,Lightly Played Foil,0.08,0,0,0,3,3,0.08,,,
7446852,Magic,Universes Beyond: The Lord of the Rings: Tales of Middle-earth,Arwen's Gift (Showcase Scrolls),,490,C,Lightly Played Foil,0.21,0,0,0,1,1,0.21,,,
7164041,Magic,Universes Beyond: The Lord of the Rings: Tales of Middle-earth,Bag End Porter,,153,C,Lightly Played Foil,0.06,0,0,0,5,5,0.06,,,
7539823,Magic,Universes Beyond: The Lord of the Rings: Tales of Middle-earth,Bag End Porter (Showcase Scrolls),,604,C,Lightly Played Foil,0.17,0,0,0,2,2,0.17,,,
7213004,Magic,Universes Beyond: The Lord of the Rings: Tales of Middle-earth,Banish from Edoras,,1,C,Lightly Played Foil,0.05,0,0,0,6,6,0.05,,,
7447202,Magic,Universes Beyond: The Lord of the Rings: Tales of Middle-earth,Banish from Edoras (Showcase Scrolls),,452,C,Lightly Played Foil,0.15,0,0,0,5,5,0.15,,,
7184214,Magic,Universes Beyond: The Lord of the Rings: Tales of Middle-earth,Barrow-Blade,,237,U,Lightly Played Foil,0.16,0,0,0,1,1,0.16,,,
7191975,Magic,Universes Beyond: The Lord of the Rings: Tales of Middle-earth,Battle-Scarred Goblin,,115,C,Lightly Played Foil,0.07,0,0,0,2,2,0.07,,,
7539943,Magic,Universes Beyond: The Lord of the Rings: Tales of Middle-earth,Battle-Scarred Goblin (Showcase Scrolls),,566,C,Lightly Played Foil,0.2,0,0,0,4,4,0.2,,,
7215774,Magic,Universes Beyond: The Lord of the Rings: Tales of Middle-earth,Bewitching Leechcraft,,41,C,Lightly Played Foil,0.04,0,0,0,3,3,0.04,,,
7447542,Magic,Universes Beyond: The Lord of the Rings: Tales of Middle-earth,Bewitching Leechcraft (Showcase Scrolls),,492,C,Lightly Played Foil,0.13,0,0,0,3,3,0.13,,,
7172536,Magic,Universes Beyond: The Lord of the Rings: Tales of Middle-earth,"Bilbo, Retired Burglar",,196,U,Lightly Played Foil,0.12,0,0,0,6,6,0.12,,,
7538498,Magic,Universes Beyond: The Lord of the Rings: Tales of Middle-earth,"Bilbo, Retired Burglar (Showcase Scrolls)",,647,U,Lightly Played Foil,0.22,0,0,0,4,4,0.22,,,
7182442,Magic,Universes Beyond: The Lord of the Rings: Tales of Middle-earth,"Bill Ferny, Bree Swindler",,42,U,Lightly Played Foil,0.05,0,0,0,2,2,0.05,,,
7447512,Magic,Universes Beyond: The Lord of the Rings: Tales of Middle-earth,"Bill Ferny, Bree Swindler (Showcase Scrolls)",,493,U,Lightly Played Foil,0.11,0,0,0,1,1,0.11,,,
7448122,Magic,Universes Beyond: The Lord of the Rings: Tales of Middle-earth,Bill the Pony (Showcase Scrolls),,454,U,Lightly Played Foil,0.19,0,0,0,2,2,0.19,,,
7196673,Magic,Universes Beyond: The Lord of the Rings: Tales of Middle-earth,Birthday Escape,,43,C,Lightly Played Foil,0.39,0,0,0,2,2,0.39,,,
7538113,Magic,Universes Beyond: The Lord of the Rings: Tales of Middle-earth,Birthday Escape (Showcase Scrolls),,494,C,Lightly Played Foil,0.34,0,0,0,2,2,0.34,,,
7185712,Magic,Universes Beyond: The Lord of the Rings: Tales of Middle-earth,Bitter Downfall,,77,U,Lightly Played Foil,0.06,0,0,0,2,2,0.06,,,
7164361,Magic,Universes Beyond: The Lord of the Rings: Tales of Middle-earth,Bombadil's Song,,154,C,Lightly Played Foil,0.09,0,0,0,2,2,0.09,,,
7539373,Magic,Universes Beyond: The Lord of the Rings: Tales of Middle-earth,Bombadil's Song (Showcase Scrolls),,605,C,Lightly Played Foil,0.24,0,0,0,3,3,0.24,,,
7539563,Magic,Universes Beyond: The Lord of the Rings: Tales of Middle-earth,Book of Mazarbul (Showcase Scrolls),,567,U,Lightly Played Foil,0.19,0,0,0,4,4,0.19,,,
7183974,Magic,Universes Beyond: The Lord of the Rings: Tales of Middle-earth,Borne Upon a Wind,,44,R,Lightly Played Foil,3.98,0,0,0,1,1,3.98,,,
7213924,Magic,Universes Beyond: The Lord of the Rings: Tales of Middle-earth,Brandywine Farmer,,155,C,Lightly Played Foil,0.05,0,0,0,4,4,0.05,,,
7542743,Magic,Universes Beyond: The Lord of the Rings: Tales of Middle-earth,Brandywine Farmer (Showcase Scrolls),,606,C,Lightly Played Foil,0.2,0,0,0,4,4,0.2,,,
7196843,Magic,Universes Beyond: The Lord of the Rings: Tales of Middle-earth,Breaking of the Fellowship,,117,C,Lightly Played Foil,0.09,0,0,0,4,4,0.09,,,
7539803,Magic,Universes Beyond: The Lord of the Rings: Tales of Middle-earth,Breaking of the Fellowship (Showcase Scrolls),,568,C,Lightly Played Foil,0.18,0,0,0,5,5,0.18,,,
7164601,Magic,Universes Beyond: The Lord of the Rings: Tales of Middle-earth,"Butterbur, Bree Innkeeper",,197,U,Lightly Played Foil,0.06,0,0,0,6,6,0.06,,,
7215854,Magic,Universes Beyond: The Lord of the Rings: Tales of Middle-earth,Captain of Umbar,,45,C,Lightly Played Foil,0.03,0,0,0,7,7,0.03,,,
7446602,Magic,Universes Beyond: The Lord of the Rings: Tales of Middle-earth,Captain of Umbar (Showcase Scrolls),,496,C,Lightly Played Foil,0.17,0,0,0,4,4,0.17,,,
7213324,Magic,Universes Beyond: The Lord of the Rings: Tales of Middle-earth,Chance-Met Elves,,157,C,Lightly Played Foil,0.06,0,0,0,3,3,0.06,,,
7542798,Magic,Universes Beyond: The Lord of the Rings: Tales of Middle-earth,Chance-Met Elves (Showcase Scrolls),,608,C,Lightly Played Foil,0.1,0,0,0,4,4,0.1,,,
7215284,Magic,Universes Beyond: The Lord of the Rings: Tales of Middle-earth,Cirith Ungol Patrol,,80,C,Lightly Played Foil,0.06,0,0,0,2,2,0.06,,,
7447302,Magic,Universes Beyond: The Lord of the Rings: Tales of Middle-earth,Cirith Ungol Patrol (Showcase Scrolls),,531,C,Lightly Played Foil,0.21,0,0,0,3,3,0.21,,,
7196758,Magic,Universes Beyond: The Lord of the Rings: Tales of Middle-earth,Claim the Precious,,81,C,Lightly Played Foil,0.33,0,0,0,2,2,0.33,,,
7448282,Magic,Universes Beyond: The Lord of the Rings: Tales of Middle-earth,Claim the Precious (Showcase Scrolls),,532,C,Lightly Played Foil,0.27,0,0,0,3,3,0.27,,,
7179712,Magic,Universes Beyond: The Lord of the Rings: Tales of Middle-earth,Council's Deliberation,,46,U,Lightly Played Foil,0.12,0,0,0,4,4,0.12,,,
7447932,Magic,Universes Beyond: The Lord of the Rings: Tales of Middle-earth,Council's Deliberation (Showcase Scrolls),,497,U,Lightly Played Foil,0.16,0,0,0,2,2,0.16,,,
7215934,Magic,Universes Beyond: The Lord of the Rings: Tales of Middle-earth,Deceive the Messenger,,47,C,Lightly Played Foil,0.04,0,0,0,4,4,0.04,,,
7197271,Magic,Universes Beyond: The Lord of the Rings: Tales of Middle-earth,"Denethor, Ruling Steward",,198,U,Lightly Played Foil,0.22,0,0,0,1,1,0.22,,,
7539233,Magic,Universes Beyond: The Lord of the Rings: Tales of Middle-earth,"Denethor, Ruling Steward (Showcase Scrolls)",,649,U,Lightly Played Foil,0.19,0,0,0,3,3,0.19,,,
7538913,Magic,Universes Beyond: The Lord of the Rings: Tales of Middle-earth,Display of Power (Showcase Scrolls),,570,R,Lightly Played Foil,0.37,0,0,0,1,1,0.37,,,
7216014,Magic,Universes Beyond: The Lord of the Rings: Tales of Middle-earth,Dreadful as the Storm,,48,C,Lightly Played Foil,0.03,0,0,0,4,4,0.03,,,
7538868,Magic,Universes Beyond: The Lord of the Rings: Tales of Middle-earth,Dreadful as the Storm (Showcase Scrolls),,499,C,Lightly Played Foil,0.23,0,0,0,3,3,0.23,,,
7174076,Magic,Universes Beyond: The Lord of the Rings: Tales of Middle-earth,Dunland Crebain (Borderless),,411,C,Lightly Played Foil,0.06,0,0,0,3,3,0.06,,,
7446582,Magic,Universes Beyond: The Lord of the Rings: Tales of Middle-earth,Dunland Crebain (Showcase Scrolls),,533,C,Lightly Played Foil,0.21,0,0,0,4,4,0.21,,,
7164761,Magic,Universes Beyond: The Lord of the Rings: Tales of Middle-earth,Dunedain Blade,,6,C,Lightly Played Foil,0.08,0,0,0,3,3,0.08,,,
7191305,Magic,Universes Beyond: The Lord of the Rings: Tales of Middle-earth,Dunedain Rangers,,159,U,Lightly Played Foil,0.05,0,0,0,3,3,0.05,,,
7539673,Magic,Universes Beyond: The Lord of the Rings: Tales of Middle-earth,Dunedain Rangers (Showcase Scrolls),,610,U,Lightly Played Foil,0.12,0,0,0,2,2,0.12,,,
7164921,Magic,Universes Beyond: The Lord of the Rings: Tales of Middle-earth,East-Mark Cavalier,,9,C,Lightly Played Foil,0.02,0,0,0,3,3,0.02,,,
7447712,Magic,Universes Beyond: The Lord of the Rings: Tales of Middle-earth,East-Mark Cavalier (Showcase Scrolls),,460,C,Lightly Played Foil,0.15,0,0,0,1,1,0.15,,,
7165001,Magic,Universes Beyond: The Lord of the Rings: Tales of Middle-earth,Easterling Vanguard,,83,C,Lightly Played Foil,0.09,0,0,0,4,4,0.09,,,
7447392,Magic,Universes Beyond: The Lord of the Rings: Tales of Middle-earth,Easterling Vanguard (Showcase Scrolls),,534,C,Lightly Played Foil,0.12,0,0,0,1,1,0.12,,,
7165081,Magic,Universes Beyond: The Lord of the Rings: Tales of Middle-earth,Eastfarthing Farmer,,8,C,Lightly Played Foil,0.03,0,0,0,4,4,0.03,,,
7539833,Magic,Universes Beyond: The Lord of the Rings: Tales of Middle-earth,Ent's Fury (Showcase Scrolls),,615,C,Lightly Played Foil,0.2,0,0,0,1,1,0.2,,,
7539403,Magic,Universes Beyond: The Lord of the Rings: Tales of Middle-earth,Erebor Flamesmith (Showcase Scrolls),,573,C,Lightly Played Foil,1.05,0,0,0,1,1,1.05,,,
7447332,Magic,Universes Beyond: The Lord of the Rings: Tales of Middle-earth,Errand-Rider of Gondor (Showcase Scrolls),,462,C,Lightly Played Foil,0.12,0,0,0,2,2,0.12,,,
7213444,Magic,Universes Beyond: The Lord of the Rings: Tales of Middle-earth,Escape from Orthanc,,12,C,Lightly Played Foil,0.04,0,0,0,1,1,0.04,,,
7198281,Magic,Universes Beyond: The Lord of the Rings: Tales of Middle-earth,Fall of Cair Andros,,124,R,Lightly Played Foil,0.4,0,0,0,1,1,0.4,,,
7538213,Magic,Universes Beyond: The Lord of the Rings: Tales of Middle-earth,"Fangorn, Tree Shepherd (Showcase Scrolls)",,617,R,Lightly Played Foil,0.34,0,0,0,1,1,0.34,,,
7447402,Magic,Universes Beyond: The Lord of the Rings: Tales of Middle-earth,"Faramir, Field Commander (Showcase Scrolls)",,465,U,Lightly Played Foil,0.11,0,0,0,1,1,0.11,,,
7186550,Magic,Universes Beyond: The Lord of the Rings: Tales of Middle-earth,"Faramir, Prince of Ithilien (Showcase)",,319,R,Lightly Played Foil,0.15,0,0,0,1,1,0.15,,,
7539973,Magic,Universes Beyond: The Lord of the Rings: Tales of Middle-earth,"Fear, Fire, Foes! (Showcase Scrolls)",,576,U,Lightly Played Foil,0.2,0,0,0,1,1,0.2,,,
7447502,Magic,Universes Beyond: The Lord of the Rings: Tales of Middle-earth,Fog on the Barrow-Downs (Showcase Scrolls),,467,C,Lightly Played Foil,0.17,0,0,0,1,1,0.17,,,
7542883,Magic,Universes Beyond: The Lord of the Rings: Tales of Middle-earth,Foray of Orcs (Showcase Scrolls),,579,U,Lightly Played Foil,0.1,0,0,0,3,3,0.1,,,
7177843,Magic,Universes Beyond: The Lord of the Rings: Tales of Middle-earth,Friendly Rivalry,,204,U,Lightly Played Foil,0.11,0,0,0,2,2,0.11,,,
7538193,Magic,Universes Beyond: The Lord of the Rings: Tales of Middle-earth,Friendly Rivalry (Showcase Scrolls),,655,U,Lightly Played Foil,0.1,0,0,0,4,4,0.1,,,
7172456,Magic,Universes Beyond: The Lord of the Rings: Tales of Middle-earth,Frodo Baggins,,205,U,Lightly Played Foil,0.15,0,0,0,2,2,0.15,,,
7173916,Magic,Universes Beyond: The Lord of the Rings: Tales of Middle-earth,Frodo Baggins (Showcase),,320,U,Lightly Played Foil,0.12,0,0,0,1,1,0.12,,,
7151897,Magic,Universes Beyond: The Lord of the Rings: Tales of Middle-earth,Frodo Baggins (Borderless),,404,U,Lightly Played Foil,0.34,0,0,0,3,3,0.34,,,
7539493,Magic,Universes Beyond: The Lord of the Rings: Tales of Middle-earth,Frodo Baggins (Showcase Scrolls),,656,U,Lightly Played Foil,0.16,0,0,0,1,1,0.16,,,
7027918,Magic,Universes Beyond: The Lord of the Rings: Tales of Middle-earth,"Frodo, Sauron's Bane",,18,R,Lightly Played Foil,0.19,0,0,0,1,1,0.19,,,
7028508,Magic,Universes Beyond: The Lord of the Rings: Tales of Middle-earth,"Frodo, Sauron's Bane (Showcase)",,304,R,Lightly Played Foil,0.18,0,0,0,2,2,0.18,,,
7028798,Magic,Unique and Miscellaneous Promos,"Frodo, Sauron's Bane (Borderless) (LTR Bundle)",,448,R,Lightly Played Foil,0.11,0,0,0,1,1,0.11,,,
7165741,Magic,Universes Beyond: The Lord of the Rings: Tales of Middle-earth,Galadhrim Bow,,167,C,Lightly Played Foil,0.09,0,0,0,3,3,0.09,,,
7539433,Magic,Universes Beyond: The Lord of the Rings: Tales of Middle-earth,Galadhrim Bow (Showcase Scrolls),,618,C,Lightly Played Foil,0.17,0,0,0,1,1,0.17,,,
7213164,Magic,Universes Beyond: The Lord of the Rings: Tales of Middle-earth,Galadhrim Guide,,168,C,Lightly Played Foil,0.05,0,0,0,3,3,0.05,,,
7538348,Magic,Universes Beyond: The Lord of the Rings: Tales of Middle-earth,Galadriel of Lothlorien (Showcase Scrolls),,657,R,Lightly Played Foil,0.44,0,0,0,1,1,0.44,,,
7023902,Magic,Universes Beyond: The Lord of the Rings: Tales of Middle-earth,Gandalf the Grey,,207,R,Lightly Played Foil,0.57,0,0,0,2,2,0.57,,,
7538103,Magic,Universes Beyond: The Lord of the Rings: Tales of Middle-earth,Gandalf the Grey (Showcase Scrolls),,658,R,Lightly Played Foil,1.22,0,0,0,1,1,1.22,,,
7221416,Magic,Universes Beyond: The Lord of the Rings: Tales of Middle-earth,Gandalf's Sanction,,208,U,Lightly Played Foil,0.15,0,0,0,3,3,0.15,,,
7538293,Magic,Universes Beyond: The Lord of the Rings: Tales of Middle-earth,Gandalf's Sanction (Showcase Scrolls),,659,U,Lightly Played Foil,0.25,0,0,0,3,3,0.25,,,
7172616,Magic,Universes Beyond: The Lord of the Rings: Tales of Middle-earth,"Gandalf, Friend of the Shire",,50,U,Lightly Played Foil,0.21,0,0,0,1,1,0.21,,,
7446962,Magic,Universes Beyond: The Lord of the Rings: Tales of Middle-earth,"Gandalf, Friend of the Shire (Showcase Scrolls)",,501,U,Lightly Played Foil,0.11,0,0,0,5,5,0.11,,,
7189729,Magic,Universes Beyond: The Lord of the Rings: Tales of Middle-earth,Gift of Strands,,170,U,Lightly Played Foil,0.07,0,0,0,1,1,0.07,,,
7539423,Magic,Universes Beyond: The Lord of the Rings: Tales of Middle-earth,Gift of Strands (Showcase Scrolls),,621,U,Lightly Played Foil,0.12,0,0,0,3,3,0.12,,,
7184054,Magic,Universes Beyond: The Lord of the Rings: Tales of Middle-earth,Gimli's Axe,,130,C,Lightly Played Foil,0.09,0,0,0,1,1,0.09,,,
7539573,Magic,Universes Beyond: The Lord of the Rings: Tales of Middle-earth,Gimli's Axe (Showcase Scrolls),,581,C,Lightly Played Foil,0.19,0,0,0,5,5,0.19,,,
7185141,Magic,Universes Beyond: The Lord of the Rings: Tales of Middle-earth,Gimli's Fury,,131,C,Lightly Played Foil,0.05,0,0,0,6,6,0.05,,,
7539273,Magic,Universes Beyond: The Lord of the Rings: Tales of Middle-earth,Gimli's Fury (Showcase Scrolls),,582,C,Lightly Played Foil,0.22,0,0,0,3,3,0.22,,,
7184681,Magic,Universes Beyond: The Lord of the Rings: Tales of Middle-earth,"Gimli, Counter of Kills",,129,U,Lightly Played Foil,0.15,0,0,0,2,2,0.15,,,
7184761,Magic,Universes Beyond: The Lord of the Rings: Tales of Middle-earth,"Gimli, Counter of Kills (Showcase)",,312,U,Lightly Played Foil,0.1,0,0,0,3,3,0.1,,,
7538633,Magic,Universes Beyond: The Lord of the Rings: Tales of Middle-earth,"Gimli, Counter of Kills (Showcase Scrolls)",,580,U,Lightly Played Foil,0.2,0,0,0,3,3,0.2,,,
7166161,Magic,Universes Beyond: The Lord of the Rings: Tales of Middle-earth,"Gimli, Mournful Avenger",,209,R,Lightly Played Foil,0.2,0,0,0,1,1,0.2,,,
7166241,Magic,Universes Beyond: The Lord of the Rings: Tales of Middle-earth,"Gimli, Mournful Avenger (Showcase)",,323,R,Lightly Played Foil,0.28,0,0,0,1,1,0.28,,,
7539733,Magic,Universes Beyond: The Lord of the Rings: Tales of Middle-earth,"Gimli, Mournful Avenger (Showcase Scrolls)",,660,R,Lightly Played Foil,0.42,0,0,0,2,2,0.42,,,
7191680,Magic,Universes Beyond: The Lord of the Rings: Tales of Middle-earth,"Glorfindel, Dauntless Rescuer",,171,U,Lightly Played Foil,0.1,0,0,0,2,2,0.1,,,
7216094,Magic,Universes Beyond: The Lord of the Rings: Tales of Middle-earth,Glorious Gale,,51,C,Lightly Played Foil,0.16,0,0,0,5,5,0.16,,,
7189648,Magic,Universes Beyond: The Lord of the Rings: Tales of Middle-earth,"Gloin, Dwarf Emissary",,132,R,Lightly Played Foil,0.58,0,0,0,3,3,0.58,,,
7542953,Magic,Universes Beyond: The Lord of the Rings: Tales of Middle-earth,"Gloin, Dwarf Emissary (Showcase Scrolls)",,583,R,Lightly Played Foil,0.91,0,0,0,1,1,0.91,,,
7178083,Magic,Universes Beyond: The Lord of the Rings: Tales of Middle-earth,Gollum's Bite,,85,U,Lightly Played Foil,0.08,0,0,0,1,1,0.08,,,
7542833,Magic,Universes Beyond: The Lord of the Rings: Tales of Middle-earth,Gollum's Bite (Showcase Scrolls),,536,U,Lightly Played Foil,0.23,0,0,0,4,4,0.23,,,
7027833,Magic,Universes Beyond: The Lord of the Rings: Tales of Middle-earth,"Gollum, Patient Plotter",,84,U,Lightly Played Foil,0.13,0,0,0,2,2,0.13,,,
7028428,Magic,Universes Beyond: The Lord of the Rings: Tales of Middle-earth,"Gollum, Patient Plotter (Showcase)",,309,U,Lightly Played Foil,0.12,0,0,0,5,5,0.12,,,
7028748,Magic,Unique and Miscellaneous Promos,"Gollum, Patient Plotter (Borderless) (LTR Bundle)",,450,U,Lightly Played Foil,0.1,0,0,0,12,12,0.1,,,
7446592,Magic,Universes Beyond: The Lord of the Rings: Tales of Middle-earth,"Gollum, Patient Plotter (Showcase Scrolls)",,535,U,Lightly Played Foil,0.22,0,0,0,3,3,0.22,,,
7198496,Magic,Universes Beyond: The Lord of the Rings: Tales of Middle-earth,Gorbag of Minas Morgul,,86,U,Lightly Played Foil,0.17,0,0,0,1,1,0.17,,,
7446672,Magic,Universes Beyond: The Lord of the Rings: Tales of Middle-earth,Gorbag of Minas Morgul (Showcase Scrolls),,537,U,Lightly Played Foil,0.22,0,0,0,2,2,0.22,,,
7166531,Magic,Universes Beyond: The Lord of the Rings: Tales of Middle-earth,"Gothmog, Morgul Lieutenant",,87,U,Lightly Played Foil,0.18,0,0,0,1,1,0.18,,,
7174876,Magic,Universes Beyond: The Lord of the Rings: Tales of Middle-earth,"Gothmog, Morgul Lieutenant (Borderless)",,429,U,Lightly Played Foil,0.2,0,0,0,2,2,0.2,,,
7448142,Magic,Universes Beyond: The Lord of the Rings: Tales of Middle-earth,"Gothmog, Morgul Lieutenant (Showcase Scrolls)",,538,U,Lightly Played Foil,0.22,0,0,0,4,4,0.22,,,
7187760,Magic,Universes Beyond: The Lord of the Rings: Tales of Middle-earth,Great Hall of the Citadel,,254,C,Lightly Played Foil,1.01,0,0,0,3,3,1.01,,,
7447192,Magic,Universes Beyond: The Lord of the Rings: Tales of Middle-earth,Great Hall of the Citadel (Showcase Scrolls),,705,C,Lightly Played Foil,0.42,0,0,0,2,2,0.42,,,
7216174,Magic,Universes Beyond: The Lord of the Rings: Tales of Middle-earth,Grey Havens Navigator,,53,C,Lightly Played Foil,0.06,0,0,0,6,6,0.06,,,
7446722,Magic,Universes Beyond: The Lord of the Rings: Tales of Middle-earth,Grey Havens Navigator (Showcase Scrolls),,504,C,Lightly Played Foil,0.17,0,0,0,2,2,0.17,,,
7166691,Magic,Universes Beyond: The Lord of the Rings: Tales of Middle-earth,"Grishnakh, Brash Instigator",,134,U,Lightly Played Foil,0.13,0,0,0,7,7,0.13,,,
7539053,Magic,Universes Beyond: The Lord of the Rings: Tales of Middle-earth,"Grishnakh, Brash Instigator (Showcase Scrolls)",,585,U,Lightly Played Foil,0.15,0,0,0,4,4,0.15,,,
7178746,Magic,Universes Beyond: The Lord of the Rings: Tales of Middle-earth,"Grond, the Gatebreaker",,89,U,Lightly Played Foil,0.1,0,0,0,3,3,0.1,,,
7447892,Magic,Universes Beyond: The Lord of the Rings: Tales of Middle-earth,"Grond, the Gatebreaker (Showcase Scrolls)",,540,U,Lightly Played Foil,0.16,0,0,0,5,5,0.16,,,
7187600,Magic,Universes Beyond: The Lord of the Rings: Tales of Middle-earth,Grima Wormtongue,,88,U,Lightly Played Foil,0.18,0,0,0,3,3,0.18,,,
7447372,Magic,Universes Beyond: The Lord of the Rings: Tales of Middle-earth,Grima Wormtongue (Showcase Scrolls),,539,U,Lightly Played Foil,0.18,0,0,0,2,2,0.18,,,
7189969,Magic,Universes Beyond: The Lord of the Rings: Tales of Middle-earth,Gwaihir the Windlord,,210,U,Lightly Played Foil,0.17,0,0,0,3,3,0.17,,,
7539963,Magic,Universes Beyond: The Lord of the Rings: Tales of Middle-earth,Gwaihir the Windlord (Showcase Scrolls),,661,U,Lightly Played Foil,0.19,0,0,0,3,3,0.19,,,
7538688,Magic,Universes Beyond: The Lord of the Rings: Tales of Middle-earth,Haradrim Spearmaster (Showcase Scrolls),,586,C,Lightly Played Foil,0.16,0,0,0,5,5,0.16,,,
7214884,Magic,Universes Beyond: The Lord of the Rings: Tales of Middle-earth,Haunt of the Dead Marshes,,90,C,Lightly Played Foil,0.12,0,0,0,4,4,0.12,,,
7446572,Magic,Universes Beyond: The Lord of the Rings: Tales of Middle-earth,Haunt of the Dead Marshes (Showcase Scrolls),,541,C,Lightly Played Foil,0.12,0,0,0,2,2,0.12,,,
7539983,Magic,Universes Beyond: The Lord of the Rings: Tales of Middle-earth,Hew the Entwood (Showcase Scrolls),,587,M,Lightly Played Foil,0.78,0,0,0,2,2,0.78,,,
7216334,Magic,Universes Beyond: The Lord of the Rings: Tales of Middle-earth,Hithlain Knots,,54,C,Lightly Played Foil,0.2,0,0,0,2,2,0.2,,,
7448162,Magic,Universes Beyond: The Lord of the Rings: Tales of Middle-earth,Hithlain Knots (Showcase Scrolls),,505,C,Lightly Played Foil,0.21,0,0,0,3,3,0.21,,,
7212449,Magic,Universes Beyond: The Lord of the Rings: Tales of Middle-earth,Hobbit's Sting,,20,C,Lightly Played Foil,0.1,0,0,0,1,1,0.1,,,
7447312,Magic,Universes Beyond: The Lord of the Rings: Tales of Middle-earth,Hobbit's Sting (Showcase Scrolls),,471,C,Lightly Played Foil,0.25,0,0,0,4,4,0.25,,,
7447322,Magic,Universes Beyond: The Lord of the Rings: Tales of Middle-earth,Horn of the Mark (Showcase Scrolls),,692,R,Lightly Played Foil,0.43,0,0,0,1,1,0.43,,,
7214324,Magic,Universes Beyond: The Lord of the Rings: Tales of Middle-earth,Improvised Club,,137,C,Lightly Played Foil,0.12,0,0,0,8,8,0.12,,,
7542973,Magic,Universes Beyond: The Lord of the Rings: Tales of Middle-earth,Improvised Club (Showcase Scrolls),,588,C,Lightly Played Foil,0.18,0,0,0,3,3,0.18,,,
7446832,Magic,Universes Beyond: The Lord of the Rings: Tales of Middle-earth,Inherited Envelope (Showcase Scrolls),,693,C,Lightly Played Foil,0.28,0,0,0,3,3,0.28,,,
7181862,Magic,Universes Beyond: The Lord of the Rings: Tales of Middle-earth,Ioreth of the Healing House,,56,U,Lightly Played Foil,0.52,0,0,0,2,2,0.52,,,
7216624,Magic,Universes Beyond: The Lord of the Rings: Tales of Middle-earth,Ithilien Kingfisher,,58,C,Lightly Played Foil,0.04,0,0,0,2,2,0.04,,,
7447032,Magic,Universes Beyond: The Lord of the Rings: Tales of Middle-earth,Ithilien Kingfisher (Showcase Scrolls),,509,C,Lightly Played Foil,0.12,0,0,0,1,1,0.12,,,
7166931,Magic,Universes Beyond: The Lord of the Rings: Tales of Middle-earth,Knights of Dol Amroth,,59,C,Lightly Played Foil,0.09,0,0,0,2,2,0.09,,,
7175356,Magic,Universes Beyond: The Lord of the Rings: Tales of Middle-earth,Knights of Dol Amroth (Borderless),,432,C,Lightly Played Foil,0.17,0,0,0,1,1,0.17,,,
7448052,Magic,Universes Beyond: The Lord of the Rings: Tales of Middle-earth,"Landroval, Horizon Witness (Showcase Scrolls)",,472,U,Lightly Played Foil,0.13,0,0,0,1,1,0.13,,,
7212049,Magic,Universes Beyond: The Lord of the Rings: Tales of Middle-earth,Lash of the Balrog,,92,C,Lightly Played Foil,0.04,0,0,0,1,1,0.04,,,
7448042,Magic,Universes Beyond: The Lord of the Rings: Tales of Middle-earth,Lost Isle Calling (Showcase Scrolls),,512,R,Lightly Played Foil,0.25,0,0,0,1,1,0.25,,,
7539663,Magic,Universes Beyond: The Lord of the Rings: Tales of Middle-earth,Mirkwood Spider (Showcase Scrolls),,629,C,Lightly Played Foil,0.25,0,0,0,1,1,0.25,,,
7447022,Magic,Universes Beyond: The Lord of the Rings: Tales of Middle-earth,Nimrodel Watcher (Showcase Scrolls),,514,C,Lightly Played Foil,0.16,0,0,0,3,3,0.16,,,
7446862,Magic,Universes Beyond: The Lord of the Rings: Tales of Middle-earth,"Now for Wrath, Now for Ruin! (Showcase Scrolls)",,475,C,Lightly Played Foil,0.21,0,0,0,1,1,0.21,,,
7216944,Magic,Universes Beyond: The Lord of the Rings: Tales of Middle-earth,Pelargir Survivor,,64,C,Lightly Played Foil,0.03,0,0,0,1,1,0.03,,,
7539253,Magic,Universes Beyond: The Lord of the Rings: Tales of Middle-earth,"Pippin, Guard of the Citadel (Showcase Scrolls)",,669,R,Lightly Played Foil,0.5,0,0,0,2,2,0.5,,,
7169556,Magic,Universes Beyond: The Lord of the Rings: Tales of Middle-earth,Prince Imrahil the Fair,,219,U,Lightly Played Foil,0.13,0,0,0,1,1,0.13,,,
7447572,Magic,Universes Beyond: The Lord of the Rings: Tales of Middle-earth,Rise of the Witch-king (Showcase Scrolls),,672,U,Lightly Played Foil,0.37,0,0,0,1,1,0.37,,,
7028848,Magic,Unique and Miscellaneous Promos,Samwise the Stouthearted (Borderless) (LTR Bundle),,449,U,Lightly Played Foil,0.11,0,0,0,2,2,0.11,,,
7448212,Magic,Universes Beyond: The Lord of the Rings: Tales of Middle-earth,"Sharkey, Tyrant of the Shire (Showcase Scrolls)",,680,R,Lightly Played Foil,0.38,0,0,0,1,1,0.38,,,
7448262,Magic,Universes Beyond: The Lord of the Rings: Tales of Middle-earth,Shire Scarecrow (Showcase Scrolls),,700,C,Lightly Played Foil,0.24,0,0,0,1,1,0.24,,,
7447092,Magic,Universes Beyond: The Lord of the Rings: Tales of Middle-earth,Shire Shirriff (Showcase Scrolls),,481,U,Lightly Played Foil,0.12,0,0,0,2,2,0.12,,,
7539453,Magic,Universes Beyond: The Lord of the Rings: Tales of Middle-earth,Shortcut to Mushrooms (Showcase Scrolls),,638,U,Lightly Played Foil,0.16,0,0,0,1,1,0.16,,,
7542983,Magic,Universes Beyond: The Lord of the Rings: Tales of Middle-earth,Soothing of Smeagol (Showcase Scrolls),,521,C,Lightly Played Foil,0.31,0,0,0,1,1,0.31,,,
7170756,Magic,Universes Beyond: The Lord of the Rings: Tales of Middle-earth,Stew the Coneys,,189,U,Lightly Played Foil,0.12,0,0,0,1,1,0.12,,,
7191125,Magic,Universes Beyond: The Lord of the Rings: Tales of Middle-earth,Eomer of the Riddermark,,121,U,Lightly Played Foil,0.08,0,0,0,1,1,0.08,,,
7542808,Magic,Universes Beyond: The Lord of the Rings: Tales of Middle-earth,Eomer of the Riddermark (Showcase Scrolls),,572,U,Lightly Played Foil,0.12,0,0,0,1,1,0.12,,,
7175726,Magic,Universes Beyond: The Lord of the Rings: Tales of Middle-earth,"Eowyn, Fearless Knight (Borderless)",,430,R,Lightly Played Foil,0.71,0,0,0,3,3,0.71,,,
,,,,,,,,,,,,,,,,,